City/Region,Festival/Event,Dates (2026),Notes
Abu Dhabi (UAE),Ramadan,Feb 19 – Mar 19,Month of fasting; reduced hours; high travel at start/end
Abu Dhabi (UAE),Eid al-Fitr,Mar 20,Major holiday; 4–6 day break
Abu Dhabi (UAE),Sheikh Zayed Festival,Nov 1 2025 – Mar 22 2026,Long-running cultural festival overlapping F1 finale
Singapore,Chinese New Year,Feb 17 – Feb 18,Citywide closures; peak travel
Singapore,National Day,Aug 9,Parade and rehearsals; Marina Bay closures
Japan (Suzuka),Golden Week,Apr 29 – May 6,One of Japan’s busiest travel seasons
Brazil (São Paulo),Carnival,Feb 16 – Feb 17,Sambadrome parades and blocos; extreme demand
Canada (Montreal),Igloofest,Jan 15 – Feb 7,Winter electronic music festival
Canada (Montreal),Montréal en Lumière,Feb 27 – Mar 6,Gastronomy + Nuit Blanche; late Feb demand
Spain (Madrid),ARCOmadrid,Mar 4 – Mar 8,Major international art fair
Spain (Madrid),San Isidro Festival,May 15,Patron saint festivities; parades
Spain (Madrid),PHotoESPAÑA,May 1 – May 31,International photography festival
Spain (Madrid),Veranos de la Villa,Jul – Aug (core Aug 7–23),Summer cultural program
Spain (Barcelona),Primavera Sound,Jun 4 – Jun 6,Major international music festival
Spain (Barcelona),La Mercè,Sep 20 – Sep 24,Citywide street festival
Mexico City,Day of the Dead,Oct 31 – Nov 2,Parades and ofrendas; heavy travel
USA (Austin),SXSW,Mar 12 – Mar 18,Global conference + music/film festival
USA (Miami),Art Basel Miami Beach,Dec 2 – Dec 6,International art fair; extreme demand
USA (Las Vegas),Life Is Beautiful Festival,September (TBA),Downtown festival; heavy inflows
Azerbaijan (Baku),Novruz Bayram,Mar 20 – Mar 23,National holiday; equinox celebrations
Qatar (Lusail),Luminous Festival,Feb 21 – Mar 2,Light festival on Lusail Boulevard
Qatar (Lusail),Geekend,Sep 12 – Sep 14,Gaming/cosplay convention
Monaco (Monte Carlo),Monaco GP fixed,Jun 3 – Jun 7,Race overlaps with yacht show season
